Reference	Qty	Value	DNP	Exclude from BOM	Exclude from Board	Footprint	Datasheet
C1	1	10uF				Capacitor_SMD:C_0603_1608Metric_Pad1.08x0.95mm_HandSolder	~
C2,C6,C7	3	0.1uF				Capacitor_SMD:C_0603_1608Metric_Pad1.08x0.95mm_HandSolder	~
C3,C37	2	22uF				Capacitor_SMD:C_0603_1608Metric_Pad1.08x0.95mm_HandSolder	~
C4,C32	2	2.2uF				Capacitor_SMD:C_0402_1005Metric_Pad0.74x0.62mm_HandSolder	~
C5,C8	2	1uF				Capacitor_SMD:C_0603_1608Metric_Pad1.08x0.95mm_HandSolder	~
C9	1	0.01uF				Capacitor_SMD:C_0603_1608Metric_Pad1.08x0.95mm_HandSolder	~
C10,C11	2	4700pF				Capacitor_SMD:C_0603_1608Metric_Pad1.08x0.95mm_HandSolder	~
C12,C13,C17,C19,C20,C23,C31,C33,C35,C36	10	0.1uF				Capacitor_SMD:C_0402_1005Metric_Pad0.74x0.62mm_HandSolder	~
C14	1	0.01µF (cermanic)				Capacitor_SMD:C_0603_1608Metric_Pad1.08x0.95mm_HandSolder	~
C15,C29	2	10uF				Capacitor_SMD:C_0402_1005Metric_Pad0.74x0.62mm_HandSolder	~
C16,C24,C34	3	1uF				Capacitor_SMD:C_0402_1005Metric_Pad0.74x0.62mm_HandSolder	~
C18,C22	2	10nF				Capacitor_SMD:C_0402_1005Metric_Pad0.74x0.62mm_HandSolder	~
C25,C26,C27,C28	4	33nF				Capacitor_SMD:C_0603_1608Metric_Pad1.08x0.95mm_HandSolder	~
C30	1	4.7uF				Capacitor_SMD:C_0402_1005Metric_Pad0.74x0.62mm_HandSolder	~
Conn1	1	Molex_SL_04				MRDT_Connectors:MOLEX_SL_04_Vertical	
CR1	1	ESDCAN03-2BWY				SignalStack:SOT323-3L_STM-L	https://www.st.com/resource/en/datasheet/esdcan03-2bwy.pdf
D1,D2	2	GREEN				LED_SMD:LED_0603_1608Metric_Pad1.05x0.95mm_HandSolder	~
D3,D9,D10	3	Orange				LED_SMD:LED_0603_1608Metric_Pad1.05x0.95mm_HandSolder	~
D7	1	ESDALC6V1-1U2				SignalStack:DIODE_ESDALC6V1-1U2	
FB1,FB2,FB4	3	FerriteBead				SignalStack:BEADC0603X33N	~
H1	1	MountingHole		Excluded from BOM		MountingHole:MountingHole_3.2mm_M3_Pad_Via	~
H2,H3,H4	3	MountingHole		Excluded from BOM		MRDT_Drill_Holes:4_40_Hole_Corner	~
IC2	1	STM32H562RIT6				SignalStack:STM32H562RIT6	https://www.st.com/resource/en/datasheet/stm32h562ag.pdf
J1	1	Conn_01x06				Connector_PinSocket_2.54mm:PinSocket_1x06_P2.54mm_Vertical	~
J2	1	Conn_01x04				Connector_PinSocket_2.54mm:PinSocket_1x04_P2.54mm_Vertical	~
J3	1	RJ45_LED_Shielded				SignalStack:BEL_SS-74401-001	https://www.digikey.com/en/products/detail/stewart-connector/SS-74401-001/2257496
J4	1	Conn_01x09				Connector_PinSocket_2.54mm:PinSocket_1x09_P2.54mm_Vertical	~
L1	1	3.9uH				SignalStack:INDM2520X190N	https://www.digikey.com/en/products/detail/tdk/NLV25T-3R9J-PF/600347
R1,R2	2	75				Resistor_SMD:R_0603_1608Metric_Pad0.98x0.95mm_HandSolder	~
R3,R4	2	1M				Resistor_SMD:R_0603_1608Metric_Pad0.98x0.95mm_HandSolder	~
R5,R14	2	33				Resistor_SMD:R_0603_1608Metric_Pad0.98x0.95mm_HandSolder	~
R6,R10,R17,R18,R24	5	1k				Resistor_SMD:R_0603_1608Metric_Pad0.98x0.95mm_HandSolder	~
R7,R11	2	150				Resistor_SMD:R_0603_1608Metric_Pad0.98x0.95mm_HandSolder	~
R8	1	2.2k				Resistor_SMD:R_0603_1608Metric_Pad0.98x0.95mm_HandSolder	~
R9	1	120				Resistor_SMD:R_0603_1608Metric_Pad0.98x0.95mm_HandSolder	~
R12,R15	2	10k				Resistor_SMD:R_0603_1608Metric_Pad0.98x0.95mm_HandSolder	~
R13	1	6.49k ±1%				Resistor_SMD:R_0603_1608Metric_Pad0.98x0.95mm_HandSolder	~
R16	1	6.8k				Resistor_SMD:R_0603_1608Metric_Pad0.98x0.95mm_HandSolder	~
R19,R20,R21,R22	4	50				Resistor_SMD:R_0603_1608Metric_Pad0.98x0.95mm_HandSolder	~
R23	1	330				Resistor_SMD:R_0603_1608Metric_Pad0.98x0.95mm_HandSolder	~
SW1,SW5,SW6,SW7	4	SW_Push				Button_Switch_SMD:SW_SPST_TL3305A	~
SW2	1	Boot Switch				Button_Switch_THT:SW_Slide_SPDT_Straight_CK_OS102011MS2Q	~
T1	1	GMG116S1202R				SignalStack:XFMR_GMG116S1202R	https://cdn.amphenol-cs.com/media/wysiwyg/files/documentation/datasheet/inputoutput/io-discrete-magnetic.pdf
U1	1	TMAG5273C1QDBVR				SignalStack:TMAG5273C1QDBVR	https://www.digikey.com/en/products/detail/texas-instruments/TMAG5273C1QDBVR/21298832
U2	1	AP63203WU-7				SignalStack:AP63203WU-7_DIO	https://www.digikey.com/en/products/detail/diodes-incorporated/AP63203WU-7/9858426
U3	1	SN65HVD232				Package_SO:SOIC-8_3.9x4.9mm_P1.27mm	http://www.ti.com/lit/ds/symlink/sn65hvd230.pdf
U4	1	DP83825I				Package_DFN_QFN:Texas_RMQ0024A_WQFN-24-1EP_3x3mm_P0.4mm_EP1.9x1.9mm	https://www.ti.com/lit/ds/symlink/dp83825i.pdf
U5	1	SG-210STF 50.0000ML0				SignalStack:SG-210STF 50.0000ML0_EPS	SG-210STF 50.0000ML0
U6	1	USBLC6-2SC6				Package_TO_SOT_SMD:SOT-23-6	https://www.st.com/resource/en/datasheet/usblc6-2.pdf
U7	1	USBLC6-4SC6				Package_TO_SOT_SMD:SOT-23-6	https://www.st.com/resource/en/datasheet/usblc6-4.pdf
U8	1	OKI-78SR-3.3_1.5-W36-C				Converter_DCDC:Converter_DCDC_Murata_OKI-78SR_Vertical	https://power.murata.com/data/power/oki-78sr.pdf
